agg_ratio,slag_ratio,gwp,check_beam_design,max_temp,time_of_demoulding
0.0,0.0,10184.889231063018,-0.049525226199684816,36.23326656368892,0.8333333333333334
0.0,0.1,10184.889231063018,-0.049525226199684816,36.23326656368892,0.8333333333333334
0.0,0.5,10184.889231063018,-0.049525226199684816,36.23326656368892,0.8333333333333334
0.2,0.0,10184.889231063018,-0.049525226199684816,36.23326656368892,0.8333333333333334
0.2,0.1,10184.889231063018,-0.049525226199684816,36.23326656368892,0.8333333333333334
0.2,0.5,10184.889231063018,-0.049525226199684816,36.23326656368892,0.8333333333333334
0.4,0.0,10184.889231063018,-0.049525226199684816,36.23326656368892,0.8333333333333334
0.4,0.1,10184.889231063018,-0.049525226199684816,36.23326656368892,0.8333333333333334
0.4,0.5,10184.889231063018,-0.049525226199684816,36.23326656368892,0.8333333333333334
