agg_ratio,slag_ratio,gwp,check_beam_design,max_temp,time_of_demoulding
0.1,0.1,43556.523149657645,0.004865487025020024,19.95838530752809,0.5
0.1,0.5,32314.99823321555,0.0016970555288157215,58.71172174417609,2.5
0.1,0.8,20326.90472878998,-0.007716554691116468,30.77581096617456,5.833333333333333
0.5,0.1,24204.735083143132,0.0037842025418392063,128.86981822904875,0.5
0.5,0.5,17959.44346289753,0.0007664877410568504,41.65941338935164,1.1666666666666667
0.5,0.8,11299.391515994435,-0.007502644956082037,26.20607378583168,2.8333333333333335
0.8,0.1,9690.894033257251,0.002545773266336378,36.28192135523278,0.0
0.8,0.5,7192.77738515901,-9.685602771751101e-05,24.53269737908789,0.0
0.8,0.8,4528.756606397774,-0.007345716828692048,19.95838530752809,0.5
