height,slag_ratio,gwp,check_beam_design,max_temp,time_of_demoulding
240.0,0.5,1562.0259060819706,-0.07825906269928479,15.878818760867604,0.5
