height,slag_ratio,gwp,check_beam_design,max_temp,time_of_demoulding
240.0,0.1,7756.510800893367,0.29366506477927484,19.203878557075484,0.5
240.0,0.5,5758.8028805781705,0.22697560284844104,17.473992627612574,0.8333333333333334
240.0,0.8,3631.638912092312,0.04887916688968149,16.46964226994811,2.1666666666666665
300.0,0.1,9690.533413054625,0.360567331866321,21.32398167557623,6.333333342193561
300.0,0.5,7192.416764956384,0.3192722428253297,18.22360090681923,0.5
300.0,0.8,4529.181384358543,0.20843003242308086,16.91256395630967,1.5
500.0,0.1,16141.013948849924,0.4390777310550212,23.32732479329822,6.333333342193561
500.0,0.5,11977.486202019521,0.42529836564875867,19.711615538371785,6.333333342193561
500.0,0.8,7537.734314089616,0.38801119271009377,17.502796531132503,0.5
