x,fc(Mpa),E
0.0,48,32241.719497277816
0.15,52,33180.94524184401
0.3,49,32480.084772763126
0.5,41,30498.45724104018
0.7,37,29434.856373353214
0.85,27,26491.31081614914
